variable,paper_id,agent_A,agent_B,agent_C,agent_D,conflict_class,priority,proposed_consensus,decision_type(多数/僵持/专家),rationale_rule_ids(如:R1|R3),evidence_anchor_ids(如:E2|E5),comments,decided_by,decided_at
MethodFamily,1,199,102,102,102,多派分歧,3,102.0,多数,R_MF_01,,R_MF_01：按程序锚点识别具体方法门类。,PI,2025-10-06T12:41:30.702565
MethodFamily,2,199,102,102,102,多派分歧,3,102.0,多数,R_MF_01,,R_MF_01：按程序锚点识别具体方法门类。,PI,2025-10-06T12:45:23.952400
MethodFamily,3,199,103,102,102,多派分歧,3,102.0,多数,R_MF_01,,R_MF_01：按程序锚点识别具体方法门类。,PI,2025-10-06T12:45:23.954341
MethodFamily,4,199,102,102,102,多派分歧,3,102.0,多数,R_MF_01,,R_MF_01：按程序锚点识别具体方法门类。,PI,2025-10-06T12:45:23.956010
MethodFamily,5,199,103,199,199,多派分歧,3,199.0,多数,R_MF_01,,R_MF_01：按程序锚点识别具体方法门类。,PI,2025-10-06T12:45:23.957637
MethodFamily,7,199,101,107,199,多派分歧,3,199.0,多数,R_MF_01,,R_MF_01：按程序锚点识别具体方法门类。,PI,2025-10-06T12:45:23.959289
MethodFamily,8,107,105,107,107,多派分歧,3,107.0,多数,R_MF_01,,R_MF_01：按程序锚点识别具体方法门类。,PI,2025-10-06T12:45:23.960850
MethodFamily,9,199,101,107,199,多派分歧,3,199.0,多数,R_MF_01,,R_MF_01：按程序锚点识别具体方法门类。,PI,2025-10-06T12:45:23.962892
MethodFamily,10,199,102,102,102,多派分歧,3,102.0,多数,R_MF_01,,R_MF_01：按程序锚点识别具体方法门类。,PI,2025-10-06T12:45:23.964342
MethodFamily,11,199,101,102,102,多派分歧,3,102.0,多数,R_MF_01,,R_MF_01：按程序锚点识别具体方法门类。,PI,2025-10-06T12:45:23.965959
MethodFamily,12,199,102,102,102,多派分歧,3,102.0,多数,R_MF_01,,R_MF_01：按程序锚点识别具体方法门类。,PI,2025-10-06T12:45:23.967514
MethodFamily,13,199,101,199,105,多派分歧,3,199.0,多数,R_MF_01,,R_MF_01：按程序锚点识别具体方法门类。,PI,2025-10-06T12:45:23.969149
MethodFamily,14,102,102,199,106,多派分歧,3,102.0,多数,R_MF_01,,R_MF_01：按程序锚点识别具体方法门类。,PI,2025-10-06T12:45:23.970978
MethodFamily,15,102,102,107,102,多派分歧,3,102.0,多数,R_MF_01,,R_MF_01：按程序锚点识别具体方法门类。,PI,2025-10-06T12:45:23.972620
MethodFamily,16,102,105,107,199,多派分歧,3,199.0,多数,R_MF_02,,R_MF_02：不足两项阈值，名词性比较占主，暂留199（规范/思辨—不充分）。,PI,2025-10-07T07:37:59.392470
MethodFamily,17,102,102,107,105,多派分歧,3,102.0,多数,R_MF_01,,R_MF_01：按程序锚点识别具体方法门类。,PI,2025-10-06T12:45:23.975844
MethodFamily,18,199,102,106,102,多派分歧,3,102.0,多数,R_MF_01,,R_MF_01：按程序锚点识别具体方法门类。,PI,2025-10-06T12:45:23.977511
MethodFamily,19,199,101,106,105,多派分歧,3,199.0,多数,R_MF_02,,R_MF_02：不足两项阈值，名词性比较占主，暂留199（规范/思辨—不充分）。,PI,2025-10-07T07:37:59.392470
MethodFamily,20,102,101,105,105,多派分歧,3,105.0,多数,R_MF_01,,R_MF_01：按程序锚点识别具体方法门类。,PI,2025-10-06T12:45:23.980874
MethodFamily,21,102,102,102,105,多派分歧,3,102.0,多数,R_MF_01,,R_MF_01：按程序锚点识别具体方法门类。,PI,2025-10-06T12:45:23.982893
MethodFamily,22,102,102,102,105,多派分歧,3,102.0,多数,R_MF_01,,R_MF_01：按程序锚点识别具体方法门类。,PI,2025-10-06T12:45:23.984499
MethodFamily,26,102,101,102,199,多派分歧,3,102.0,多数,R_MF_01,,R_MF_01：按程序锚点识别具体方法门类。,PI,2025-10-06T12:45:23.986244
MethodFamily,28,102,102,102,199,多派分歧,3,102.0,多数,R_MF_01,,R_MF_01：按程序锚点识别具体方法门类。,PI,2025-10-06T12:45:23.987904
MethodFamily,30,102,102,102,105,多派分歧,3,102.0,多数,R_MF_01,,R_MF_01：按程序锚点识别具体方法门类。,PI,2025-10-06T12:45:23.989541
MethodFamily,31,102,102,102,105,多派分歧,3,102.0,多数,R_MF_01,,R_MF_01：按程序锚点识别具体方法门类。,PI,2025-10-06T12:45:23.991086
MethodFamily,32,102,102,102,199,多派分歧,3,102.0,多数,R_MF_01,,R_MF_01：按程序锚点识别具体方法门类。,PI,2025-10-06T12:45:23.992717
MethodFamily,33,101,102,102,102,多派分歧,3,102.0,多数,R_MF_01,,R_MF_01：按程序锚点识别具体方法门类。,PI,2025-10-06T12:45:23.994842
MethodFamily,34,199,102,102,102,多派分歧,3,102.0,多数,R_MF_01,,R_MF_01：按程序锚点识别具体方法门类。,PI,2025-10-06T12:45:23.996489
MethodFamily,36,102,101,102,102,多派分歧,3,102.0,多数,R_MF_01,,R_MF_01：按程序锚点识别具体方法门类。,PI,2025-10-06T12:45:23.998105
MethodFamily,37,102,102,102,199,多派分歧,3,102.0,多数,R_MF_01,,R_MF_01：按程序锚点识别具体方法门类。,PI,2025-10-06T12:45:23.999885
MethodFamily,38,102,102,102,199,多派分歧,3,102.0,多数,R_MF_01,,R_MF_01：按程序锚点识别具体方法门类。,PI,2025-10-06T12:45:24.001413
MethodFamily,39,102,102,102,105,多派分歧,3,102.0,多数,R_MF_01,,R_MF_01：按程序锚点识别具体方法门类。,PI,2025-10-06T12:45:24.002898
MethodFamily,40,102,102,102,107,多派分歧,3,102.0,多数,R_MF_01,,R_MF_01：按程序锚点识别具体方法门类。,PI,2025-10-06T12:45:24.004475
MethodFamily,41,101,101,102,105,多派分歧,3,101.0,多数,R_MF_01,,R_MF_01：按程序锚点识别具体方法门类。,PI,2025-10-06T12:45:24.006305
MethodFamily,42,102,101,102,105,多派分歧,3,102.0,多数,R_MF_01,,R_MF_01：按程序锚点识别具体方法门类。,PI,2025-10-06T12:45:24.007724
MethodFamily,43,102,101,102,102,多派分歧,3,102.0,多数,R_MF_01,,R_MF_01：按程序锚点识别具体方法门类。,PI,2025-10-06T12:45:24.009471
MethodFamily,45,101,102,102,199,多派分歧,3,102.0,多数,R_MF_01,,R_MF_01：按程序锚点识别具体方法门类。,PI,2025-10-06T12:45:24.011075
MethodFamily,48,102,102,102,107,多派分歧,3,102.0,多数,R_MF_01,,R_MF_01：按程序锚点识别具体方法门类。,PI,2025-10-06T12:45:24.012629
MethodFamily,49,102,101,102,102,多派分歧,3,102.0,多数,R_MF_01,,R_MF_01：按程序锚点识别具体方法门类。,PI,2025-10-06T12:45:24.014234
MethodFamily,50,102,102,102,105,多派分歧,3,102.0,多数,R_MF_01,,R_MF_01：按程序锚点识别具体方法门类。,PI,2025-10-06T12:45:24.015831
MethodFamily,51,199,101,102,105,多派分歧,3,199.0,多数,R_MF_02,,R_MF_02：不足两项阈值，名词性比较占主，暂留199（规范/思辨—不充分）。,PI,2025-10-07T07:37:59.392470
MethodFamily,52,199,102,102,105,多派分歧,3,102.0,多数,R_MF_01,,R_MF_01：按程序锚点识别具体方法门类。,PI,2025-10-06T12:45:24.019557
MethodFamily,53,199,101,102,105,多派分歧,3,199.0,多数,R_MF_02,,R_MF_02：不足两项阈值，名词性比较占主，暂留199（规范/思辨—不充分）。,PI,2025-10-07T07:37:59.392470
MethodFamily,54,199,101,102,102,多派分歧,3,102.0,多数,R_MF_01,,R_MF_01：按程序锚点识别具体方法门类。,PI,2025-10-06T12:45:24.022878
MethodFamily,55,199,101,102,105,多派分歧,3,199.0,多数,R_MF_02,,R_MF_02：不足两项阈值，名词性比较占主，暂留199（规范/思辨—不充分）。,PI,2025-10-07T07:37:59.392470
MethodFamily,56,199,101,102,102,多派分歧,3,102.0,多数,R_MF_01,,R_MF_01：按程序锚点识别具体方法门类。,PI,2025-10-06T12:45:24.026233
MethodFamily,57,199,102,102,102,多派分歧,3,102.0,多数,R_MF_01,,R_MF_01：按程序锚点识别具体方法门类。,PI,2025-10-06T12:45:24.027874
MethodFamily,58,199,102,102,107,多派分歧,3,102.0,多数,R_MF_01,,R_MF_01：按程序锚点识别具体方法门类。,PI,2025-10-06T12:45:24.029854
MethodFamily,59,102,102,102,107,多派分歧,3,102.0,多数,R_MF_01,,R_MF_01：按程序锚点识别具体方法门类。,PI,2025-10-06T12:45:24.031670
MethodFamily,60,102,102,102,199,多派分歧,3,102.0,多数,R_MF_01,,R_MF_01：按程序锚点识别具体方法门类。,PI,2025-10-06T12:45:24.033336
MethodFamily,61,199,101,102,105,多派分歧,3,199.0,多数,R_MF_02,,R_MF_02：不足两项阈值，名词性比较占主，暂留199（规范/思辨—不充分）。,PI,2025-10-07T07:37:59.392470
MethodFamily,62,102,102,199,102,多派分歧,3,102.0,多数,R_MF_01,,R_MF_01：按程序锚点识别具体方法门类。,PI,2025-10-06T12:45:24.036397
MethodFamily,63,102,101,199,199,多派分歧,3,199.0,多数,R_MF_01,,R_MF_01：按程序锚点识别具体方法门类。,PI,2025-10-06T12:45:24.038003
MethodFamily,64,199,102,199,105,多派分歧,3,199.0,多数,R_MF_01,,R_MF_01：按程序锚点识别具体方法门类。,PI,2025-10-06T12:45:24.039779
MethodFamily,65,102,102,199,107,多派分歧,3,102.0,多数,R_MF_01,,R_MF_01：按程序锚点识别具体方法门类。,PI,2025-10-06T12:45:24.041532
MethodFamily,66,101,102,199,105,多派分歧,3,199.0,多数,R_MF_02,,R_MF_02：不足两项阈值，名词性比较占主，暂留199（规范/思辨—不充分）。,PI,2025-10-07T07:37:59.392470
MethodFamily,67,101,101,199,102,多派分歧,3,101.0,多数,R_MF_01,,R_MF_01：按程序锚点识别具体方法门类。,PI,2025-10-06T12:45:24.044795
MethodFamily,68,102,102,107,102,多派分歧,3,102.0,多数,R_MF_01,,R_MF_01：按程序锚点识别具体方法门类。,PI,2025-10-06T12:45:24.046492
MethodFamily,69,102,102,107,105,多派分歧,3,102.0,多数,R_MF_01,,R_MF_01：按程序锚点识别具体方法门类。,PI,2025-10-06T12:45:24.048035
MethodFamily,70,102,101,107,105,多派分歧,3,102.0,多数,R_MF_02,,R_MF_02：已满足两项以上阈值（如‘预设比较维度’与‘对照基准’），判为102（比较研究）。,PI,2025-10-07T07:37:59.392470
MethodFamily,71,102,101,107,105,多派分歧,3,102.0,多数,R_MF_02,,R_MF_02：已满足两项以上阈值（如‘预设比较维度’与‘对照基准’），判为102（比较研究）。,PI,2025-10-07T07:37:59.392470
MethodFamily,72,107,101,107,102,多派分歧,3,107.0,多数,R_MF_01,,R_MF_01：按程序锚点识别具体方法门类。,PI,2025-10-06T12:45:24.053031
MethodFamily,73,107,101,107,105,多派分歧,3,107.0,多数,R_MF_01,,R_MF_01：按程序锚点识别具体方法门类。,PI,2025-10-06T12:45:24.054892
MethodFamily,74,107,101,107,105,多派分歧,3,107.0,多数,R_MF_01,,R_MF_01：按程序锚点识别具体方法门类。,PI,2025-10-06T12:45:24.056992
MethodFamily,75,107,102,107,199,多派分歧,3,107.0,多数,R_MF_01,,R_MF_01：按程序锚点识别具体方法门类。,PI,2025-10-06T12:45:24.060394
MethodFamily,76,107,101,107,105,多派分歧,3,107.0,多数,R_MF_01,,R_MF_01：按程序锚点识别具体方法门类。,PI,2025-10-06T12:45:24.063634
MethodFamily,77,107,102,107,105,多派分歧,3,107.0,多数,R_MF_01,,R_MF_01：按程序锚点识别具体方法门类。,PI,2025-10-06T12:45:24.065369
MethodFamily,78,102,102,107,103,多派分歧,3,102.0,多数,R_MF_01,,R_MF_01：按程序锚点识别具体方法门类。,PI,2025-10-06T12:45:24.067079
MethodFamily,79,103,101,103,105,多派分歧,3,103.0,多数,R_MF_01,,R_MF_01：按程序锚点识别具体方法门类。,PI,2025-10-06T12:45:24.068833
MethodFamily,80,102,102,102,199,多派分歧,3,102.0,多数,R_MF_01,,R_MF_01：按程序锚点识别具体方法门类。,PI,2025-10-06T12:45:24.070801
MethodTag,1,40,20,20,20,多派分歧,3,20.0,多数,R_TAG_01,,R_TAG_01：按题旨与方法文本的功能性标签归类。,PI,2025-10-06T12:45:24.072457
MethodTag,2,40,20,20,20,多派分歧,3,20.0,多数,R_TAG_01,,R_TAG_01：按题旨与方法文本的功能性标签归类。,PI,2025-10-06T12:45:24.074142
MethodTag,3,10,20,20,20,多派分歧,3,20.0,多数,R_TAG_01,,R_TAG_01：按题旨与方法文本的功能性标签归类。,PI,2025-10-06T12:45:24.075724
MethodTag,4,40,20,20,20,多派分歧,3,20.0,多数,R_TAG_01,,R_TAG_01：按题旨与方法文本的功能性标签归类。,PI,2025-10-06T12:45:24.077398
MethodTag,5,10,20,40,10,多派分歧,3,10.0,多数,R_TAG_01,,R_TAG_01：按题旨与方法文本的功能性标签归类。,PI,2025-10-06T12:45:24.078932
MethodTag,7,10,20,30,10,多派分歧,3,10.0,多数,R_TAG_01,,R_TAG_01：按题旨与方法文本的功能性标签归类。,PI,2025-10-06T12:45:24.080534
MethodTag,8,30,20,30,30,多派分歧,3,30.0,多数,R_TAG_01,,R_TAG_01：按题旨与方法文本的功能性标签归类。,PI,2025-10-06T12:45:24.082313
MethodTag,9,10,20,30,10,多派分歧,3,10.0,多数,R_TAG_01,,R_TAG_01：按题旨与方法文本的功能性标签归类。,PI,2025-10-06T12:45:24.083861
MethodTag,10,40,20,20,20,多派分歧,3,20.0,多数,R_TAG_01,,R_TAG_01：按题旨与方法文本的功能性标签归类。,PI,2025-10-06T12:45:24.085715
MethodTag,11,10,20,20,20,多派分歧,3,20.0,多数,R_TAG_01,,R_TAG_01：按题旨与方法文本的功能性标签归类。,PI,2025-10-06T12:45:24.088801
MethodTag,12,40,20,20,20,多派分歧,3,20.0,多数,R_TAG_01,,R_TAG_01：按题旨与方法文本的功能性标签归类。,PI,2025-10-06T12:45:24.090705
MethodTag,14,20,20,10,20,多派分歧,3,20.0,多数,R_TAG_01,,R_TAG_01：按题旨与方法文本的功能性标签归类。,PI,2025-10-06T12:45:24.092233
MethodTag,15,20,20,30,20,多派分歧,3,20.0,多数,R_TAG_01,,R_TAG_01：按题旨与方法文本的功能性标签归类。,PI,2025-10-06T12:45:24.094030
MethodTag,16,20,20,30,10,多派分歧,3,20.0,多数,R_TAG_01,,R_TAG_01：按题旨与方法文本的功能性标签归类。,PI,2025-10-06T12:45:24.095732
MethodTag,17,20,20,30,20,多派分歧,3,20.0,多数,R_TAG_01,,R_TAG_01：按题旨与方法文本的功能性标签归类。,PI,2025-10-06T12:45:24.097343
MethodTag,18,40,20,20,20,多派分歧,3,20.0,多数,R_TAG_01,,R_TAG_01：按题旨与方法文本的功能性标签归类。,PI,2025-10-06T12:45:24.099078
MethodTag,19,10,20,20,20,多派分歧,3,20.0,多数,R_TAG_01,,R_TAG_01：按题旨与方法文本的功能性标签归类。,PI,2025-10-06T12:45:24.100862
MethodTag,26,20,20,20,10,多派分歧,3,20.0,多数,R_TAG_01,,R_TAG_01：按题旨与方法文本的功能性标签归类。,PI,2025-10-06T12:45:24.102604
MethodTag,28,20,20,20,10,多派分歧,3,20.0,多数,R_TAG_01,,R_TAG_01：按题旨与方法文本的功能性标签归类。,PI,2025-10-06T12:45:24.104397
MethodTag,32,20,20,20,10,多派分歧,3,20.0,多数,R_TAG_01,,R_TAG_01：按题旨与方法文本的功能性标签归类。,PI,2025-10-06T12:45:24.106157
MethodTag,34,10,20,20,20,多派分歧,3,20.0,多数,R_TAG_01,,R_TAG_01：按题旨与方法文本的功能性标签归类。,PI,2025-10-06T12:45:24.107849
MethodTag,37,20,20,20,10,多派分歧,3,20.0,多数,R_TAG_01,,R_TAG_01：按题旨与方法文本的功能性标签归类。,PI,2025-10-06T12:45:24.111349
MethodTag,38,20,20,20,10,多派分歧,3,20.0,多数,R_TAG_01,,R_TAG_01：按题旨与方法文本的功能性标签归类。,PI,2025-10-06T12:45:24.112950
MethodTag,40,20,20,20,30,多派分歧,3,20.0,多数,R_TAG_01,,R_TAG_01：按题旨与方法文本的功能性标签归类。,PI,2025-10-06T12:45:24.115046
MethodTag,45,20,20,20,10,多派分歧,3,20.0,多数,R_TAG_01,,R_TAG_01：按题旨与方法文本的功能性标签归类。,PI,2025-10-06T12:45:24.116581
MethodTag,48,20,20,20,30,多派分歧,3,20.0,多数,R_TAG_01,,R_TAG_01：按题旨与方法文本的功能性标签归类。,PI,2025-10-06T12:45:24.119859
MethodTag,51,10,20,20,20,多派分歧,3,20.0,多数,R_TAG_01,,R_TAG_01：按题旨与方法文本的功能性标签归类。,PI,2025-10-06T12:45:24.121537
MethodTag,52,10,20,20,20,多派分歧,3,20.0,多数,R_TAG_01,,R_TAG_01：按题旨与方法文本的功能性标签归类。,PI,2025-10-06T12:45:24.123258
MethodTag,53,10,20,20,20,多派分歧,3,20.0,多数,R_TAG_01,,R_TAG_01：按题旨与方法文本的功能性标签归类。,PI,2025-10-06T12:45:24.124936
MethodTag,54,10,20,20,20,多派分歧,3,20.0,多数,R_TAG_01,,R_TAG_01：按题旨与方法文本的功能性标签归类。,PI,2025-10-06T12:45:24.126641
MethodTag,55,10,20,20,20,多派分歧,3,20.0,多数,R_TAG_01,,R_TAG_01：按题旨与方法文本的功能性标签归类。,PI,2025-10-06T12:45:24.128227
MethodTag,56,10,20,20,20,多派分歧,3,20.0,多数,R_TAG_01,,R_TAG_01：按题旨与方法文本的功能性标签归类。,PI,2025-10-06T12:45:24.130090
MethodTag,57,10,20,20,20,多派分歧,3,20.0,多数,R_TAG_01,,R_TAG_01：按题旨与方法文本的功能性标签归类。,PI,2025-10-06T12:45:24.132121
MethodTag,58,10,20,20,30,多派分歧,3,20.0,多数,R_TAG_01,,R_TAG_01：按题旨与方法文本的功能性标签归类。,PI,2025-10-06T12:45:24.133712
MethodTag,59,20,20,20,30,多派分歧,3,20.0,多数,R_TAG_01,,R_TAG_01：按题旨与方法文本的功能性标签归类。,PI,2025-10-06T12:45:24.136398
MethodTag,60,20,20,20,10,多派分歧,3,20.0,多数,R_TAG_01,,R_TAG_01：按题旨与方法文本的功能性标签归类。,PI,2025-10-06T12:45:24.138317
MethodTag,61,10,20,20,20,多派分歧,3,20.0,多数,R_TAG_01,,R_TAG_01：按题旨与方法文本的功能性标签归类。,PI,2025-10-06T12:45:24.139820
MethodTag,62,20,20,10,20,多派分歧,3,20.0,多数,R_TAG_01,,R_TAG_01：按题旨与方法文本的功能性标签归类。,PI,2025-10-06T12:45:24.141612
MethodTag,63,20,20,40,10,多派分歧,3,20.0,多数,R_TAG_01,,R_TAG_01：按题旨与方法文本的功能性标签归类。,PI,2025-10-06T12:45:24.143711
MethodTag,64,10,20,40,20,多派分歧,3,20.0,多数,R_TAG_01,,R_TAG_01：按题旨与方法文本的功能性标签归类。,PI,2025-10-06T12:45:24.145175
MethodTag,65,20,20,40,30,多派分歧,3,20.0,多数,R_TAG_01,,R_TAG_01：按题旨与方法文本的功能性标签归类。,PI,2025-10-06T12:45:24.146890
MethodTag,66,20,20,40,20,多派分歧,3,20.0,多数,R_TAG_01,,R_TAG_01：按题旨与方法文本的功能性标签归类。,PI,2025-10-06T12:45:24.148454
MethodTag,67,20,20,40,20,多派分歧,3,20.0,多数,R_TAG_01,,R_TAG_01：按题旨与方法文本的功能性标签归类。,PI,2025-10-06T12:45:24.151250
MethodTag,68,20,20,30,20,多派分歧,3,20.0,多数,R_TAG_01,,R_TAG_01：按题旨与方法文本的功能性标签归类。,PI,2025-10-06T12:45:24.152761
MethodTag,69,20,20,30,20,多派分歧,3,20.0,多数,R_TAG_01,,R_TAG_01：按题旨与方法文本的功能性标签归类。,PI,2025-10-06T12:45:24.154474
MethodTag,70,20,20,30,20,多派分歧,3,20.0,多数,R_TAG_01,,R_TAG_01：按题旨与方法文本的功能性标签归类。,PI,2025-10-06T12:45:24.155984
MethodTag,71,20,20,30,20,多派分歧,3,20.0,多数,R_TAG_01,,R_TAG_01：按题旨与方法文本的功能性标签归类。,PI,2025-10-06T12:45:24.157633
MethodTag,75,30,20,30,10,多派分歧,3,30.0,多数,R_TAG_01,,R_TAG_01：按题旨与方法文本的功能性标签归类。,PI,2025-10-06T12:45:24.159221
MethodTag,78,20,20,30,20,多派分歧,3,20.0,多数,R_TAG_01,,R_TAG_01：按题旨与方法文本的功能性标签归类。,PI,2025-10-06T12:45:24.160709
MethodTag,80,20,20,20,10,多派分歧,3,20.0,多数,R_TAG_01,,R_TAG_01：按题旨与方法文本的功能性标签归类。,PI,2025-10-06T12:45:24.162533
MethodTransparency,8,3,3,1,3,严重分歧,3,3.0,多数,R_TR_01,,R_TR_01：按七项可复核线索计数形成分档。,PI,2025-10-06T12:45:24.164088
MethodTransparency,13,1,1,0,2,严重分歧,3,1.0,多数,R_TR_01,,R_TR_01：按七项可复核线索计数形成分档。,PI,2025-10-06T12:45:24.165753
MethodTransparency,14,2,1,0,2,严重分歧,3,2.0,多数,R_TR_01,,R_TR_01：按七项可复核线索计数形成分档。,PI,2025-10-06T12:45:24.167547
MethodTransparency,15,3,1,1,1,严重分歧,3,1.0,多数,R_TR_01,,R_TR_01：按七项可复核线索计数形成分档。,PI,2025-10-06T12:45:24.169149
MethodTransparency,21,2,1,0,2,严重分歧,3,2.0,多数,R_TR_01,,R_TR_01：按七项可复核线索计数形成分档。,PI,2025-10-06T12:45:24.171518
MethodTransparency,22,2,1,0,2,严重分歧,3,2.0,多数,R_TR_01,,R_TR_01：按七项可复核线索计数形成分档。,PI,2025-10-06T12:45:24.172896
MethodTransparency,23,2,1,0,1,严重分歧,3,1.0,多数,R_TR_01,,R_TR_01：按七项可复核线索计数形成分档。,PI,2025-10-06T12:45:24.174679
MethodTransparency,24,2,1,0,1,严重分歧,3,1.0,多数,R_TR_01,,R_TR_01：按七项可复核线索计数形成分档。,PI,2025-10-06T12:45:24.176318
MethodTransparency,26,3,1,2,1,严重分歧,3,1.0,多数,R_TR_01,,R_TR_01：按七项可复核线索计数形成分档。,PI,2025-10-06T12:45:24.178320
MethodTransparency,28,3,1,2,1,严重分歧,3,1.0,多数,R_TR_01,,R_TR_01：按七项可复核线索计数形成分档。,PI,2025-10-06T12:45:24.179925
MethodTransparency,29,3,1,2,1,严重分歧,3,1.0,多数,R_TR_01,,R_TR_01：按七项可复核线索计数形成分档。,PI,2025-10-06T12:45:24.181818
MethodTransparency,32,3,1,2,1,严重分歧,3,1.0,多数,R_TR_01,,R_TR_01：按七项可复核线索计数形成分档。,PI,2025-10-06T12:45:24.183641
MethodTransparency,35,3,1,2,1,严重分歧,3,1.0,多数,R_TR_01,,R_TR_01：按七项可复核线索计数形成分档。,PI,2025-10-06T12:45:24.185067
MethodTransparency,36,3,1,2,1,严重分歧,3,1.0,多数,R_TR_01,,R_TR_01：按七项可复核线索计数形成分档。,PI,2025-10-06T12:45:24.186823
MethodTransparency,37,3,1,2,1,严重分歧,3,1.0,多数,R_TR_01,,R_TR_01：按七项可复核线索计数形成分档。,PI,2025-10-06T12:45:24.188537
MethodTransparency,38,3,1,2,1,严重分歧,3,1.0,多数,R_TR_01,,R_TR_01：按七项可复核线索计数形成分档。,PI,2025-10-06T12:45:24.190510
MethodTransparency,39,3,1,2,2,严重分歧,3,2.0,多数,R_TR_01,,R_TR_01：按七项可复核线索计数形成分档。,PI,2025-10-06T12:45:24.192089
MethodTransparency,40,3,1,2,2,严重分歧,3,2.0,多数,R_TR_01,,R_TR_01：按七项可复核线索计数形成分档。,PI,2025-10-06T12:45:24.193839
MethodTransparency,42,3,1,2,2,严重分歧,3,2.0,多数,R_TR_01,,R_TR_01：按七项可复核线索计数形成分档。,PI,2025-10-06T12:45:24.195710
MethodTransparency,44,3,1,2,1,严重分歧,3,1.0,多数,R_TR_01,,R_TR_01：按七项可复核线索计数形成分档。,PI,2025-10-06T12:45:24.197611
MethodTransparency,45,3,1,2,1,严重分歧,3,1.0,多数,R_TR_01,,R_TR_01：按七项可复核线索计数形成分档。,PI,2025-10-06T12:45:24.199479
MethodTransparency,46,3,1,2,1,严重分歧,3,1.0,多数,R_TR_01,,R_TR_01：按七项可复核线索计数形成分档。,PI,2025-10-06T12:45:24.201159
MethodTransparency,47,3,1,2,1,严重分歧,3,1.0,多数,R_TR_01,,R_TR_01：按七项可复核线索计数形成分档。,PI,2025-10-06T12:45:24.207482
MethodTransparency,62,2,1,0,1,严重分歧,3,1.0,多数,R_TR_01,,R_TR_01：按七项可复核线索计数形成分档。,PI,2025-10-06T12:45:24.208953
MethodTransparency,63,2,2,0,1,严重分歧,3,2.0,多数,R_TR_01,,R_TR_01：按七项可复核线索计数形成分档。,PI,2025-10-06T12:45:24.210697
MethodTransparency,64,2,1,0,2,严重分歧,3,2.0,多数,R_TR_01,,R_TR_01：按七项可复核线索计数形成分档。,PI,2025-10-06T12:45:24.212297
MethodTransparency,65,2,1,0,2,严重分歧,3,2.0,多数,R_TR_01,,R_TR_01：按七项可复核线索计数形成分档。,PI,2025-10-06T12:45:24.213779
MethodTransparency,66,2,1,0,2,严重分歧,3,2.0,多数,R_TR_01,,R_TR_01：按七项可复核线索计数形成分档。,PI,2025-10-06T12:45:24.215429
MethodTransparency,67,2,1,0,1,严重分歧,3,1.0,多数,R_TR_01,,R_TR_01：按七项可复核线索计数形成分档。,PI,2025-10-06T12:45:24.216838
MethodTransparency,68,2,1,0,1,严重分歧,3,1.0,多数,R_TR_01,,R_TR_01：按七项可复核线索计数形成分档。,PI,2025-10-06T12:45:24.218466
MethodTransparency,69,2,1,0,2,严重分歧,3,2.0,多数,R_TR_01,,R_TR_01：按七项可复核线索计数形成分档。,PI,2025-10-06T12:45:24.219963
MethodTransparency,70,1,2,0,2,严重分歧,3,2.0,多数,R_TR_01,,R_TR_01：按七项可复核线索计数形成分档。,PI,2025-10-06T12:45:24.222042
MethodTransparency,71,1,2,0,2,严重分歧,3,2.0,多数,R_TR_01,,R_TR_01：按七项可复核线索计数形成分档。,PI,2025-10-06T12:45:24.223763
MethodTransparency,72,2,2,0,1,严重分歧,3,2.0,多数,R_TR_01,,R_TR_01：按七项可复核线索计数形成分档。,PI,2025-10-06T12:45:24.225135
MethodTransparency,73,2,2,0,2,严重分歧,3,2.0,多数,R_TR_01,,R_TR_01：按七项可复核线索计数形成分档。,PI,2025-10-06T12:45:24.226672
MethodTransparency,74,2,1,0,2,严重分歧,3,2.0,多数,R_TR_01,,R_TR_01：按七项可复核线索计数形成分档。,PI,2025-10-06T12:45:24.228144
MethodTransparency,75,2,1,0,1,严重分歧,3,1.0,多数,R_TR_01,,R_TR_01：按七项可复核线索计数形成分档。,PI,2025-10-06T12:45:24.229744
MethodTransparency,76,2,2,0,2,严重分歧,3,2.0,多数,R_TR_01,,R_TR_01：按七项可复核线索计数形成分档。,PI,2025-10-06T12:45:24.231284
MethodTransparency,77,2,1,0,2,严重分歧,3,2.0,多数,R_TR_01,,R_TR_01：按七项可复核线索计数形成分档。,PI,2025-10-06T12:45:24.232664
MethodTransparency,78,2,1,0,1,严重分歧,3,1.0,多数,R_TR_01,,R_TR_01：按七项可复核线索计数形成分档。,PI,2025-10-06T12:45:24.234207
MethodTransparency,79,2,2,0,2,严重分歧,3,2.0,多数,R_TR_01,,R_TR_01：按七项可复核线索计数形成分档。,PI,2025-10-06T12:45:24.235531
Methodology,1,1,3,3,3,多派分歧,3,3.0,多数,R_MD_01,,R_MD_01：依据研究方式层级规范进行判定。,PI,2025-10-06T12:45:24.237051
Methodology,2,1,3,3,3,多派分歧,3,3.0,多数,R_MD_01,,R_MD_01：依据研究方式层级规范进行判定。,PI,2025-10-06T12:45:24.238535
Methodology,3,1,3,3,3,多派分歧,3,3.0,多数,R_MD_01,,R_MD_01：依据研究方式层级规范进行判定。,PI,2025-10-06T12:45:24.239836
Methodology,4,1,3,3,3,多派分歧,3,3.0,多数,R_MD_01,,R_MD_01：依据研究方式层级规范进行判定。,PI,2025-10-06T12:45:24.241710
Methodology,5,1,3,1,1,多派分歧,3,1.0,多数,R_MD_01,,R_MD_01：依据研究方式层级规范进行判定。,PI,2025-10-06T12:45:24.243094
Methodology,7,1,3,2,1,多派分歧,3,1.0,多数,R_MD_01,,R_MD_01：依据研究方式层级规范进行判定。,PI,2025-10-06T12:45:24.244634
Methodology,9,1,3,2,1,多派分歧,3,1.0,多数,R_MD_01,,R_MD_01：依据研究方式层级规范进行判定。,PI,2025-10-06T12:45:24.246748
Methodology,10,1,3,3,3,多派分歧,3,3.0,多数,R_MD_01,,R_MD_01：依据研究方式层级规范进行判定。,PI,2025-10-06T12:45:24.248144
Methodology,11,1,3,3,3,多派分歧,3,3.0,多数,R_MD_01,,R_MD_01：依据研究方式层级规范进行判定。,PI,2025-10-06T12:45:24.249534
Methodology,12,1,3,3,3,多派分歧,3,3.0,多数,R_MD_01,,R_MD_01：依据研究方式层级规范进行判定。,PI,2025-10-06T12:45:24.250981
Methodology,13,1,3,1,2,多派分歧,3,1.0,多数,R_MD_01,,R_MD_01：依据研究方式层级规范进行判定。,PI,2025-10-06T12:45:24.252485
Methodology,14,3,3,1,3,多派分歧,3,3.0,多数,R_MD_01,,R_MD_01：依据研究方式层级规范进行判定。,PI,2025-10-06T12:45:24.253872
Methodology,15,3,3,2,3,多派分歧,3,3.0,多数,R_MD_01,,R_MD_01：依据研究方式层级规范进行判定。,PI,2025-10-06T12:45:24.255237
Methodology,16,3,2,2,1,多派分歧,3,2.0,多数,R_MD_01,,R_MD_01：依据研究方式层级规范进行判定。,PI,2025-10-06T12:45:24.256539
Methodology,18,1,3,3,3,多派分歧,3,3.0,多数,R_MD_01,,R_MD_01：依据研究方式层级规范进行判定。,PI,2025-10-06T12:45:24.257912
Methodology,19,1,3,3,2,多派分歧,3,3.0,多数,R_MD_01,,R_MD_01：依据研究方式层级规范进行判定。,PI,2025-10-06T12:45:24.259327
Methodology,21,3,3,3,2,多派分歧,3,3.0,多数,R_MD_01,,R_MD_01：依据研究方式层级规范进行判定。,PI,2025-10-06T12:45:24.260696
Methodology,22,3,3,3,2,多派分歧,3,3.0,多数,R_MD_01,,R_MD_01：依据研究方式层级规范进行判定。,PI,2025-10-06T12:45:24.262756
Methodology,26,3,3,3,1,多派分歧,3,3.0,多数,R_MD_01,,R_MD_01：依据研究方式层级规范进行判定。,PI,2025-10-06T12:45:24.264699
Methodology,28,3,3,3,1,多派分歧,3,3.0,多数,R_MD_01,,R_MD_01：依据研究方式层级规范进行判定。,PI,2025-10-06T12:45:24.266296
Methodology,30,3,3,3,2,多派分歧,3,3.0,多数,R_MD_01,,R_MD_01：依据研究方式层级规范进行判定。,PI,2025-10-06T12:45:24.267671
Methodology,31,3,3,3,2,多派分歧,3,3.0,多数,R_MD_01,,R_MD_01：依据研究方式层级规范进行判定。,PI,2025-10-06T12:45:24.268976
Methodology,32,3,3,3,1,多派分歧,3,3.0,多数,R_MD_01,,R_MD_01：依据研究方式层级规范进行判定。,PI,2025-10-06T12:45:24.270422
Methodology,34,1,3,3,3,多派分歧,3,3.0,多数,R_MD_01,,R_MD_01：依据研究方式层级规范进行判定。,PI,2025-10-06T12:45:24.271904
Methodology,37,3,3,3,1,多派分歧,3,3.0,多数,R_MD_01,,R_MD_01：依据研究方式层级规范进行判定。,PI,2025-10-06T12:45:24.273421
Methodology,38,3,3,3,1,多派分歧,3,3.0,多数,R_MD_01,,R_MD_01：依据研究方式层级规范进行判定。,PI,2025-10-06T12:45:24.274944
Methodology,39,3,3,3,2,多派分歧,3,3.0,多数,R_MD_01,,R_MD_01：依据研究方式层级规范进行判定。,PI,2025-10-06T12:45:24.276463
Methodology,40,3,3,3,2,多派分歧,3,3.0,多数,R_MD_01,,R_MD_01：依据研究方式层级规范进行判定。,PI,2025-10-06T12:45:24.277960
Methodology,41,3,3,3,2,多派分歧,3,3.0,多数,R_MD_01,,R_MD_01：依据研究方式层级规范进行判定。,PI,2025-10-06T12:45:24.279327
Methodology,42,3,3,3,2,多派分歧,3,3.0,多数,R_MD_01,,R_MD_01：依据研究方式层级规范进行判定。,PI,2025-10-06T12:45:24.280610
Methodology,45,3,3,3,1,多派分歧,3,3.0,多数,R_MD_01,,R_MD_01：依据研究方式层级规范进行判定。,PI,2025-10-06T12:45:24.282082
Methodology,48,3,3,3,2,多派分歧,3,3.0,多数,R_MD_01,,R_MD_01：依据研究方式层级规范进行判定。,PI,2025-10-06T12:45:24.283445
Methodology,50,3,3,3,2,多派分歧,3,3.0,多数,R_MD_01,,R_MD_01：依据研究方式层级规范进行判定。,PI,2025-10-06T12:45:24.284801
Methodology,51,1,3,3,2,多派分歧,3,3.0,多数,R_MD_01,,R_MD_01：依据研究方式层级规范进行判定。,PI,2025-10-06T12:45:24.286326
Methodology,52,1,3,3,2,多派分歧,3,3.0,多数,R_MD_01,,R_MD_01：依据研究方式层级规范进行判定。,PI,2025-10-06T12:45:24.287630
Methodology,53,1,3,3,2,多派分歧,3,3.0,多数,R_MD_01,,R_MD_01：依据研究方式层级规范进行判定。,PI,2025-10-06T12:45:24.288979
Methodology,54,1,3,3,3,多派分歧,3,3.0,多数,R_MD_01,,R_MD_01：依据研究方式层级规范进行判定。,PI,2025-10-06T12:45:24.290419
Methodology,55,1,3,3,2,多派分歧,3,3.0,多数,R_MD_01,,R_MD_01：依据研究方式层级规范进行判定。,PI,2025-10-06T12:45:24.291901
Methodology,56,1,3,3,3,多派分歧,3,3.0,多数,R_MD_01,,R_MD_01：依据研究方式层级规范进行判定。,PI,2025-10-06T12:45:24.293516
Methodology,57,1,3,3,3,多派分歧,3,3.0,多数,R_MD_01,,R_MD_01：依据研究方式层级规范进行判定。,PI,2025-10-06T12:45:24.295066
Methodology,58,1,3,3,2,多派分歧,3,3.0,多数,R_MD_01,,R_MD_01：依据研究方式层级规范进行判定。,PI,2025-10-06T12:45:24.296479
Methodology,59,3,3,3,2,多派分歧,3,3.0,多数,R_MD_01,,R_MD_01：依据研究方式层级规范进行判定。,PI,2025-10-06T12:45:24.297870
Methodology,60,3,3,3,1,多派分歧,3,3.0,多数,R_MD_01,,R_MD_01：依据研究方式层级规范进行判定。,PI,2025-10-06T12:45:24.299243
Methodology,61,1,3,3,2,多派分歧,3,3.0,多数,R_MD_01,,R_MD_01：依据研究方式层级规范进行判定。,PI,2025-10-06T12:45:24.300851
Methodology,62,3,3,1,3,多派分歧,3,3.0,多数,R_MD_01,,R_MD_01：依据研究方式层级规范进行判定。,PI,2025-10-06T12:45:24.302464
Methodology,64,1,3,1,2,多派分歧,3,1.0,多数,R_MD_01,,R_MD_01：依据研究方式层级规范进行判定。,PI,2025-10-06T12:45:24.303774
Methodology,65,3,3,1,2,多派分歧,3,3.0,多数,R_MD_01,,R_MD_01：依据研究方式层级规范进行判定。,PI,2025-10-06T12:45:24.305059
Methodology,66,3,3,1,2,多派分歧,3,3.0,多数,R_MD_01,,R_MD_01：依据研究方式层级规范进行判定。,PI,2025-10-06T12:45:24.306529
Methodology,67,3,3,1,3,多派分歧,3,3.0,多数,R_MD_01,,R_MD_01：依据研究方式层级规范进行判定。,PI,2025-10-06T12:45:24.307823
Methodology,68,3,3,2,3,多派分歧,3,3.0,多数,R_MD_01,,R_MD_01：依据研究方式层级规范进行判定。,PI,2025-10-06T12:45:24.309341
Methodology,73,2,3,2,2,多派分歧,3,2.0,多数,R_MD_01,,R_MD_01：依据研究方式层级规范进行判定。,PI,2025-10-06T12:45:24.310764
Methodology,74,2,3,2,2,多派分歧,3,2.0,多数,R_MD_01,,R_MD_01：依据研究方式层级规范进行判定。,PI,2025-10-06T12:45:24.312167
Methodology,75,2,3,2,1,多派分歧,3,2.0,多数,R_MD_01,,R_MD_01：依据研究方式层级规范进行判定。,PI,2025-10-06T12:45:24.313616
Methodology,76,2,3,2,4,多派分歧,3,2.0,多数,R_MD_01,,R_MD_01：依据研究方式层级规范进行判定。,PI,2025-10-06T12:45:24.314979
Methodology,77,2,3,2,2,多派分歧,3,2.0,多数,R_MD_01,,R_MD_01：依据研究方式层级规范进行判定。,PI,2025-10-06T12:45:24.316276
Methodology,78,3,3,2,3,多派分歧,3,3.0,多数,R_MD_01,,R_MD_01：依据研究方式层级规范进行判定。,PI,2025-10-06T12:45:24.317716
Methodology,79,3,3,3,2,多派分歧,3,3.0,多数,R_MD_01,,R_MD_01：依据研究方式层级规范进行判定。,PI,2025-10-06T12:45:24.319179
Methodology,80,3,3,3,1,多派分歧,3,3.0,多数,R_MD_01,,R_MD_01：依据研究方式层级规范进行判定。,PI,2025-10-06T12:45:24.320538
coder_notes_rule_code,1,902,906,906,906,多派分歧,3,906.0,多数,,,,PI,2025-10-06T12:45:24.322010
coder_notes_rule_code,2,902,906,906,906,多派分歧,3,906.0,多数,,,,PI,2025-10-06T12:45:24.323400
coder_notes_rule_code,3,902,908,906,906,多派分歧,3,906.0,多数,,,,PI,2025-10-06T12:45:24.324789
coder_notes_rule_code,4,902,906,906,906,多派分歧,3,906.0,多数,,,,PI,2025-10-06T12:45:24.326202
coder_notes_rule_code,5,902,908,902,902,多派分歧,3,902.0,多数,,,,PI,2025-10-06T12:45:24.327526
coder_notes_rule_code,7,902,905,909,902,多派分歧,3,902.0,多数,,,,PI,2025-10-06T12:45:24.328879
coder_notes_rule_code,8,909,907,909,909,多派分歧,3,909.0,多数,,,,PI,2025-10-06T12:45:24.330427
coder_notes_rule_code,9,902,905,909,902,多派分歧,3,902.0,多数,,,,PI,2025-10-06T12:45:24.331781
coder_notes_rule_code,10,902,906,906,906,多派分歧,3,906.0,多数,,,,PI,2025-10-06T12:45:24.333397
coder_notes_rule_code,11,902,905,906,906,多派分歧,3,906.0,多数,,,,PI,2025-10-06T12:45:24.334841
coder_notes_rule_code,12,902,906,906,906,多派分歧,3,906.0,多数,,,,PI,2025-10-06T12:45:24.336297
coder_notes_rule_code,13,902,905,902,907,多派分歧,3,902.0,多数,,,,PI,2025-10-06T12:45:24.337831
coder_notes_rule_code,14,906,906,902,904,多派分歧,3,906.0,多数,,,,PI,2025-10-06T12:45:24.339269
coder_notes_rule_code,15,906,906,909,906,多派分歧,3,906.0,多数,,,,PI,2025-10-06T12:45:24.340703
coder_notes_rule_code,16,906,907,909,902,多派分歧,3,906.0,多数,R_CN_01,,R_CN_01：A 缺失补偿——据材料缺口统一注记为906。,PI,2025-10-07T07:37:59.392470
coder_notes_rule_code,17,906,906,909,907,多派分歧,3,906.0,多数,,,,PI,2025-10-06T12:45:24.343688
coder_notes_rule_code,18,902,906,904,906,多派分歧,3,906.0,多数,,,,PI,2025-10-06T12:45:24.345133
coder_notes_rule_code,19,902,905,904,907,多派分歧,3,902.0,多数,R_CN_01,,R_CN_01：B 上下位比照——按上位归并口径注记为902。,PI,2025-10-07T07:37:59.392470
coder_notes_rule_code,20,906,905,907,907,多派分歧,3,907.0,多数,,,,PI,2025-10-06T12:45:24.348094
coder_notes_rule_code,21,906,906,906,907,多派分歧,3,906.0,多数,,,,PI,2025-10-06T12:45:24.349547
coder_notes_rule_code,22,906,906,906,907,多派分歧,3,906.0,多数,,,,PI,2025-10-06T12:45:24.350968
coder_notes_rule_code,26,906,905,906,902,多派分歧,3,906.0,多数,,,,PI,2025-10-06T12:45:24.352507
coder_notes_rule_code,28,906,906,906,902,多派分歧,3,906.0,多数,,,,PI,2025-10-06T12:45:24.353974
coder_notes_rule_code,30,906,906,906,907,多派分歧,3,906.0,多数,,,,PI,2025-10-06T12:45:24.355522
coder_notes_rule_code,31,906,906,906,907,多派分歧,3,906.0,多数,,,,PI,2025-10-06T12:45:24.357310
coder_notes_rule_code,32,906,906,906,902,多派分歧,3,906.0,多数,,,,PI,2025-10-06T12:45:24.358886
coder_notes_rule_code,33,905,906,906,906,多派分歧,3,906.0,多数,,,,PI,2025-10-06T12:45:24.360301
coder_notes_rule_code,34,902,906,906,906,多派分歧,3,906.0,多数,,,,PI,2025-10-06T12:45:24.361776
coder_notes_rule_code,36,906,905,906,906,多派分歧,3,906.0,多数,,,,PI,2025-10-06T12:45:24.363284
coder_notes_rule_code,37,906,906,906,902,多派分歧,3,906.0,多数,,,,PI,2025-10-06T12:45:24.364607
coder_notes_rule_code,38,906,906,906,902,多派分歧,3,906.0,多数,,,,PI,2025-10-06T12:45:24.366106
coder_notes_rule_code,39,906,906,906,907,多派分歧,3,906.0,多数,,,,PI,2025-10-06T12:45:24.367606
coder_notes_rule_code,40,906,906,906,909,多派分歧,3,906.0,多数,,,,PI,2025-10-06T12:45:24.368964
coder_notes_rule_code,41,905,905,906,907,多派分歧,3,905.0,多数,,,,PI,2025-10-06T12:45:24.370546
coder_notes_rule_code,42,906,905,906,907,多派分歧,3,906.0,多数,,,,PI,2025-10-06T12:45:24.371897
coder_notes_rule_code,43,906,905,906,906,多派分歧,3,906.0,多数,,,,PI,2025-10-06T12:45:24.373467
coder_notes_rule_code,45,905,906,906,902,多派分歧,3,906.0,多数,,,,PI,2025-10-06T12:45:24.374935
coder_notes_rule_code,48,906,906,906,909,多派分歧,3,906.0,多数,,,,PI,2025-10-06T12:45:24.376419
coder_notes_rule_code,49,906,905,906,906,多派分歧,3,906.0,多数,,,,PI,2025-10-06T12:45:24.377880
coder_notes_rule_code,50,906,906,906,907,多派分歧,3,906.0,多数,,,,PI,2025-10-06T12:45:24.379343
coder_notes_rule_code,51,902,905,906,907,多派分歧,3,906.0,多数,R_CN_01,,R_CN_01：A 缺失补偿——据材料缺口统一注记为906。,PI,2025-10-07T07:37:59.392470
coder_notes_rule_code,52,902,906,906,907,多派分歧,3,906.0,多数,,,,PI,2025-10-06T12:45:24.382145
coder_notes_rule_code,53,902,905,906,907,多派分歧,3,906.0,多数,R_CN_01,,R_CN_01：A 缺失补偿——据材料缺口统一注记为906。,PI,2025-10-07T07:37:59.392470
coder_notes_rule_code,54,902,905,906,906,多派分歧,3,906.0,多数,,,,PI,2025-10-06T12:45:24.385071
coder_notes_rule_code,55,902,905,906,907,多派分歧,3,906.0,多数,R_CN_01,,R_CN_01：A 缺失补偿——据材料缺口统一注记为906。,PI,2025-10-07T07:37:59.392470
coder_notes_rule_code,56,902,905,906,906,多派分歧,3,906.0,多数,,,,PI,2025-10-06T12:45:24.387935
coder_notes_rule_code,57,902,906,906,906,多派分歧,3,906.0,多数,,,,PI,2025-10-06T12:45:24.389692
coder_notes_rule_code,58,902,906,906,909,多派分歧,3,906.0,多数,,,,PI,2025-10-06T12:45:24.391106
coder_notes_rule_code,59,906,906,906,909,多派分歧,3,906.0,多数,,,,PI,2025-10-06T12:45:24.392496
coder_notes_rule_code,60,906,906,906,902,多派分歧,3,906.0,多数,,,,PI,2025-10-06T12:45:24.394113
coder_notes_rule_code,61,902,905,906,907,多派分歧,3,906.0,多数,R_CN_01,,R_CN_01：A 缺失补偿——据材料缺口统一注记为906。,PI,2025-10-07T07:37:59.392470
coder_notes_rule_code,62,906,906,902,906,多派分歧,3,906.0,多数,,,,PI,2025-10-06T12:45:24.397425
coder_notes_rule_code,63,906,905,902,902,多派分歧,3,902.0,多数,,,,PI,2025-10-06T12:45:24.398897
coder_notes_rule_code,64,902,906,902,907,多派分歧,3,902.0,多数,,,,PI,2025-10-06T12:45:24.400407
coder_notes_rule_code,65,906,906,902,909,多派分歧,3,906.0,多数,,,,PI,2025-10-06T12:45:24.401883
coder_notes_rule_code,66,905,906,902,907,多派分歧,3,906.0,多数,R_CN_01,,R_CN_01：A 缺失补偿——据材料缺口统一注记为906。,PI,2025-10-07T07:37:59.392470
coder_notes_rule_code,67,905,905,902,906,多派分歧,3,905.0,多数,,,,PI,2025-10-06T12:45:24.405089
coder_notes_rule_code,68,906,906,909,906,多派分歧,3,906.0,多数,,,,PI,2025-10-06T12:45:24.406630
coder_notes_rule_code,69,906,906,909,907,多派分歧,3,906.0,多数,,,,PI,2025-10-06T12:45:24.408049
coder_notes_rule_code,70,906,905,909,907,多派分歧,3,906.0,多数,R_CN_01,,R_CN_01：A 缺失补偿——据材料缺口统一注记为906。,PI,2025-10-07T07:37:59.392470
coder_notes_rule_code,71,906,905,909,907,多派分歧,3,906.0,多数,R_CN_01,,R_CN_01：A 缺失补偿——据材料缺口统一注记为906。,PI,2025-10-07T07:37:59.392470
coder_notes_rule_code,72,909,905,909,906,多派分歧,3,909.0,多数,,,,PI,2025-10-06T12:45:24.412370
coder_notes_rule_code,73,909,905,909,907,多派分歧,3,909.0,多数,,,,PI,2025-10-06T12:45:24.414020
coder_notes_rule_code,74,909,905,909,907,多派分歧,3,909.0,多数,,,,PI,2025-10-06T12:45:24.415475
coder_notes_rule_code,75,909,906,909,902,多派分歧,3,909.0,多数,,,,PI,2025-10-06T12:45:24.416820
coder_notes_rule_code,76,909,905,909,903,多派分歧,3,909.0,多数,,,,PI,2025-10-06T12:45:24.418408
coder_notes_rule_code,77,909,906,909,907,多派分歧,3,909.0,多数,,,,PI,2025-10-06T12:45:24.419819
coder_notes_rule_code,78,906,906,909,908,多派分歧,3,906.0,多数,,,,PI,2025-10-06T12:45:24.421351
coder_notes_rule_code,79,908,905,908,907,多派分歧,3,908.0,多数,,,,PI,2025-10-06T12:45:24.422859
coder_notes_rule_code,80,906,906,906,902,多派分歧,3,906.0,多数,,,,PI,2025-10-06T12:45:24.424349
MethodFamily,6,199,102,199,102,两派分歧,2,,专家,R_MF_01,,R_MF_01：按程序锚点识别具体方法门类。,,
MethodFamily,44,101,101,102,102,两派分歧,2,,专家,R_MF_01,,R_MF_01：按程序锚点识别具体方法门类。,,
MethodFamily,46,101,101,102,102,两派分歧,2,,专家,R_MF_01,,R_MF_01：按程序锚点识别具体方法门类。,,
MethodTag,6,40,20,40,20,两派分歧,2,,,R_TAG_01,,R_TAG_01：按题旨与方法文本的功能性标签归类。,,
MethodTag,13,10,20,10,20,两派分歧,2,,,R_TAG_01,,R_TAG_01：按题旨与方法文本的功能性标签归类。,,
MethodTag,72,30,20,30,20,两派分歧,2,,,R_TAG_01,,R_TAG_01：按题旨与方法文本的功能性标签归类。,,
MethodTag,73,30,20,30,20,两派分歧,2,,,R_TAG_01,,R_TAG_01：按题旨与方法文本的功能性标签归类。,,
MethodTag,74,30,20,30,20,两派分歧,2,,,R_TAG_01,,R_TAG_01：按题旨与方法文本的功能性标签归类。,,
MethodTag,76,30,20,30,20,两派分歧,2,,,R_TAG_01,,R_TAG_01：按题旨与方法文本的功能性标签归类。,,
MethodTag,77,30,20,30,20,两派分歧,2,,,R_TAG_01,,R_TAG_01：按题旨与方法文本的功能性标签归类。,,
Methodology,6,1,3,1,3,两派分歧,2,,,R_MD_01,,R_MD_01：依据研究方式层级规范进行判定。,,
Methodology,17,3,3,2,2,两派分歧,2,,,R_MD_01,,R_MD_01：依据研究方式层级规范进行判定。,,
Methodology,20,3,3,2,2,两派分歧,2,,,R_MD_01,,R_MD_01：依据研究方式层级规范进行判定。,,
Methodology,63,3,3,1,1,两派分歧,2,,,R_MD_01,,R_MD_01：依据研究方式层级规范进行判定。,,
Methodology,69,3,3,2,2,两派分歧,2,,,R_MD_01,,R_MD_01：依据研究方式层级规范进行判定。,,
Methodology,70,3,3,2,2,两派分歧,2,,,R_MD_01,,R_MD_01：依据研究方式层级规范进行判定。,,
Methodology,71,3,3,2,2,两派分歧,2,,,R_MD_01,,R_MD_01：依据研究方式层级规范进行判定。,,
Methodology,72,2,3,2,3,两派分歧,2,,,R_MD_01,,R_MD_01：依据研究方式层级规范进行判定。,,
coder_notes_rule_code,6,902,906,902,906,两派分歧,2,,专家,,,,,
coder_notes_rule_code,44,905,905,906,906,两派分歧,2,,专家,,,,,
coder_notes_rule_code,46,905,905,906,906,两派分歧,2,,专家,,,,,
MethodNormativity,1,1,2,1,2,相邻分歧,1,,,,,,,
MethodNormativity,2,1,2,1,1,相邻分歧,1,,,,,,,
MethodNormativity,3,1,2,1,1,相邻分歧,1,,,,,,,
MethodNormativity,4,1,2,1,1,相邻分歧,1,,,,,,,
MethodNormativity,5,1,2,1,1,相邻分歧,1,,,,,,,
MethodNormativity,6,1,2,1,1,相邻分歧,1,,,,,,,
MethodNormativity,7,1,2,2,1,相邻分歧,1,,,,,,,
MethodNormativity,8,2,2,2,1,相邻分歧,1,,,,,,,
MethodNormativity,9,1,2,2,1,相邻分歧,1,,,,,,,
MethodNormativity,10,1,2,1,1,相邻分歧,1,,,,,,,
MethodNormativity,11,1,2,1,1,相邻分歧,1,,,,,,,
MethodNormativity,12,1,2,1,2,相邻分歧,1,,,,,,,
MethodNormativity,13,1,2,1,1,相邻分歧,1,,,,,,,
MethodNormativity,14,2,2,1,2,相邻分歧,1,,,,,,,
MethodNormativity,16,2,2,2,1,相邻分歧,1,,,,,,,
MethodNormativity,18,1,2,2,1,相邻分歧,1,,,,,,,
MethodNormativity,19,1,2,2,2,相邻分歧,1,,,,,,,
MethodNormativity,21,2,2,1,2,相邻分歧,1,,,,,,,
MethodNormativity,22,2,2,1,2,相邻分歧,1,,,,,,,
MethodNormativity,23,2,2,1,1,相邻分歧,1,,,,,,,
MethodNormativity,24,2,2,1,2,相邻分歧,1,,,,,,,
MethodNormativity,26,2,2,2,1,相邻分歧,1,,,,,,,
MethodNormativity,28,2,2,2,1,相邻分歧,1,,,,,,,
MethodNormativity,29,2,2,2,1,相邻分歧,1,,,,,,,
MethodNormativity,32,2,2,2,1,相邻分歧,1,,,,,,,
MethodNormativity,33,2,2,2,1,相邻分歧,1,,,,,,,
MethodNormativity,34,1,2,2,1,相邻分歧,1,,,,,,,
MethodNormativity,35,2,2,2,1,相邻分歧,1,,,,,,,
MethodNormativity,36,2,2,2,1,相邻分歧,1,,,,,,,
MethodNormativity,37,2,2,2,1,相邻分歧,1,,,,,,,
MethodNormativity,38,2,2,2,1,相邻分歧,1,,,,,,,
MethodNormativity,43,2,2,2,1,相邻分歧,1,,,,,,,
MethodNormativity,45,2,2,2,1,相邻分歧,1,,,,,,,
MethodNormativity,49,2,2,2,1,相邻分歧,1,,,,,,,
MethodNormativity,51,1,2,2,2,相邻分歧,1,,,,,,,
MethodNormativity,52,1,2,2,2,相邻分歧,1,,,,,,,
MethodNormativity,53,1,2,2,2,相邻分歧,1,,,,,,,
MethodNormativity,54,1,2,2,1,相邻分歧,1,,,,,,,
MethodNormativity,55,1,2,2,2,相邻分歧,1,,,,,,,
MethodNormativity,56,1,2,2,2,相邻分歧,1,,,,,,,
MethodNormativity,57,1,2,2,2,相邻分歧,1,,,,,,,
MethodNormativity,58,1,2,2,2,相邻分歧,1,,,,,,,
MethodNormativity,60,2,2,2,1,相邻分歧,1,,,,,,,
MethodNormativity,61,1,2,2,2,相邻分歧,1,,,,,,,
MethodNormativity,62,2,2,1,2,相邻分歧,1,,,,,,,
MethodNormativity,63,2,2,1,1,相邻分歧,1,,,,,,,
MethodNormativity,64,1,2,1,2,相邻分歧,1,,,,,,,
MethodNormativity,65,2,2,1,2,相邻分歧,1,,,,,,,
MethodNormativity,66,2,2,1,2,相邻分歧,1,,,,,,,
MethodNormativity,67,2,2,1,2,相邻分歧,1,,,,,,,
MethodNormativity,75,2,2,2,1,相邻分歧,1,,,,,,,
MethodNormativity,78,2,2,2,1,相邻分歧,1,,,,,,,
MethodNormativity,80,2,2,1,1,相邻分歧,1,,,,,,,
MethodTransparency,16,1,2,1,1,相邻分歧,1,,,R_TR_01,,R_TR_01：按七项可复核线索计数形成分档。,,
MethodTransparency,17,2,1,1,2,相邻分歧,1,,,R_TR_01,,R_TR_01：按七项可复核线索计数形成分档。,,
MethodTransparency,18,2,1,1,1,相邻分歧,1,,,R_TR_01,,R_TR_01：按七项可复核线索计数形成分档。,,
MethodTransparency,19,1,1,1,2,相邻分歧,1,,,R_TR_01,,R_TR_01：按七项可复核线索计数形成分档。,,
MethodTransparency,20,2,1,1,2,相邻分歧,1,,,R_TR_01,,R_TR_01：按七项可复核线索计数形成分档。,,
MethodTransparency,25,2,1,2,1,相邻分歧,1,,,R_TR_01,,R_TR_01：按七项可复核线索计数形成分档。,,
MethodTransparency,27,2,1,2,1,相邻分歧,1,,,R_TR_01,,R_TR_01：按七项可复核线索计数形成分档。,,
MethodTransparency,30,2,1,2,2,相邻分歧,1,,,R_TR_01,,R_TR_01：按七项可复核线索计数形成分档。,,
MethodTransparency,31,2,1,2,2,相邻分歧,1,,,R_TR_01,,R_TR_01：按七项可复核线索计数形成分档。,,
MethodTransparency,33,2,1,2,1,相邻分歧,1,,,R_TR_01,,R_TR_01：按七项可复核线索计数形成分档。,,
MethodTransparency,34,1,1,2,1,相邻分歧,1,,,R_TR_01,,R_TR_01：按七项可复核线索计数形成分档。,,
MethodTransparency,41,2,1,2,2,相邻分歧,1,,,R_TR_01,,R_TR_01：按七项可复核线索计数形成分档。,,
MethodTransparency,43,2,1,2,1,相邻分歧,1,,,R_TR_01,,R_TR_01：按七项可复核线索计数形成分档。,,
MethodTransparency,48,2,1,2,2,相邻分歧,1,,,R_TR_01,,R_TR_01：按七项可复核线索计数形成分档。,,
MethodTransparency,49,2,2,2,1,相邻分歧,1,,,R_TR_01,,R_TR_01：按七项可复核线索计数形成分档。,,
MethodTransparency,50,2,1,2,2,相邻分歧,1,,,R_TR_01,,R_TR_01：按七项可复核线索计数形成分档。,,
MethodTransparency,51,1,2,2,2,相邻分歧,1,,,R_TR_01,,R_TR_01：按七项可复核线索计数形成分档。,,
MethodTransparency,52,2,1,2,2,相邻分歧,1,,,R_TR_01,,R_TR_01：按七项可复核线索计数形成分档。,,
MethodTransparency,53,2,1,2,2,相邻分歧,1,,,R_TR_01,,R_TR_01：按七项可复核线索计数形成分档。,,
MethodTransparency,54,2,2,2,1,相邻分歧,1,,,R_TR_01,,R_TR_01：按七项可复核线索计数形成分档。,,
MethodTransparency,55,2,1,2,2,相邻分歧,1,,,R_TR_01,,R_TR_01：按七项可复核线索计数形成分档。,,
MethodTransparency,56,2,1,2,1,相邻分歧,1,,,R_TR_01,,R_TR_01：按七项可复核线索计数形成分档。,,
MethodTransparency,57,2,1,2,1,相邻分歧,1,,,R_TR_01,,R_TR_01：按七项可复核线索计数形成分档。,,
MethodTransparency,58,2,1,2,2,相邻分歧,1,,,R_TR_01,,R_TR_01：按七项可复核线索计数形成分档。,,
MethodTransparency,59,2,1,2,2,相邻分歧,1,,,R_TR_01,,R_TR_01：按七项可复核线索计数形成分档。,,
MethodTransparency,60,2,1,2,1,相邻分歧,1,,,R_TR_01,,R_TR_01：按七项可复核线索计数形成分档。,,
